{"auc": [0.9040788330790124, 0.9051982042670843, 0.9060739492129359, 0.9059604372904635, 0.9059224319975927], "precision": [0.8786006641439493, 0.876360504267481, 0.873545384018619, 0.875676930218165, 0.8801266702711052], "recall": [0.7955387735123418, 0.7908981697406544, 0.7941881788686698, 0.7975058127245825, 0.798864273696018], "f1": [0.8350091743119267, 0.8314389718445881, 0.8319787202600857, 0.8347652937055202, 0.8375289405020028]}